objectid,collectionid,cdmid,youtubeid,title,description,creator,date,date-is-approximate,subject,location,latitude,longitude,source,identifier,original_format,format,type,language,rights,rightsstatement
demo_psychiana_yt1,psychiana,,x6eu5wj8b04,"Psychiana, A Mail Order Religion Created in the Small Town of Moscow, Idaho","Short video describing Psychiana, a mail order religion that preached the New Thought Movement. In 1928, Dr. Frank B. Robinson created Psychiana in Moscow, Idaho.",Northwest Public Broadcasting,2019-08-28,,Religion; Frank B. Robinson,,,,Northwest Public Broadcasting,,youtube video,video/mpeg,Audio,eng,"Educational use includes non-commercial use of text and images in materials for teaching and research purposes. Digital reproduction permissions granted by University of Idaho Library Special Collections and Archives Department. For other uses beyond free use, please contact University of Idaho Library Special Collections and Archives Department at libspec@uidaho.edu.",http://rightsstatements.org/vocab/InC-EDU/1.0/
demo_psychiana358,psychiana,358,,Peace of Mind,Flyer includes an illustration of Jesus Christ and quotes the Bible. Discusses solving people's problems with God-Power and includes testimonials on the reverse page.,"Psychiana, Inc.",1939,yes,Jesus Christ; God-Power; Problems; Material Abundance,,,,"MG 101, Frank Bruce Robinson. Papers, 1929-1951, University of Idaho Library Special Collections and Archives","MG-101, Box 7, Folder 26",multiple-page; flyers,application/pdf,Text,eng,"Educational use includes non-commercial use of text and images in materials for teaching and research purposes. Digital reproduction permissions granted by University of Idaho Library Special Collections and Archives Department. For other uses beyond free use, please contact University of Idaho Library Special Collections and Archives Department at libspec@uidaho.edu.",http://rightsstatements.org/vocab/InC-EDU/1.0/
demo_psychiana543,psychiana,543,,"Photograph of 1st and Main Street, Moscow, ID","Photograph of unmarked corner building located at the intersection of 1st and Main Street in Moscow, Idaho.",,1935,yes,"Moscow, Idaho","Moscow, ID",46.733843,-117.001138,"MG 101, Frank Bruce Robinson. Papers, 1929-1951, University of Idaho Library Special Collections and Archives","MG-101, Box 6, Folder - 'Psychiana Photographs'",single-page; photographs,image/jpeg,Image;StillImage,eng,"Educational use includes non-commercial use of text and images in materials for teaching and research purposes. Digital reproduction permissions granted by University of Idaho Library Special Collections and Archives Department. For other uses beyond free use, please contact University of Idaho Library Special Collections and Archives Department at libspec@uidaho.edu.",http://rightsstatements.org/vocab/InC-EDU/1.0/
demo_psychiana548,psychiana,548,,Photograph of clerical and bookkeeping staff from the branch mailing department.,"Photograph of all women staff from Psychiana clerical and bookkeeping standing in front of the Branch Mailing Department at 1st and Main Street in Moscow, Idaho. This building is two stories and occupies half a block.",,1938,yes,Psychiana Headquarters; Psychiana Staff; Bookkeeping; Mailings,"Moscow, ID",46.733843,-117.001138,"MG 101, Frank Bruce Robinson. Papers, 1929-1951, University of Idaho Library Special Collections and Archives","MG-101, Box 6, Folder - 'Psychiana Photographs'",single-page; photographs,image/jpeg,Image;StillImage,eng,"Educational use includes non-commercial use of text and images in materials for teaching and research purposes. Digital reproduction permissions granted by University of Idaho Library Special Collections and Archives Department. For other uses beyond free use, please contact University of Idaho Library Special Collections and Archives Department at libspec@uidaho.edu.",http://rightsstatements.org/vocab/InC-EDU/1.0/
demo_psychiana542,psychiana,542,,"Photograph of Corner Drug Store in Moscow, ID","Photograph of the corner drug store in Moscow, Idaho where Frank Robinson worked as a clerk and wrote the first lessons of Psychiana.",,1935,yes,"Moscow, Idaho; Drug Store Clerk","Moscow, ID",46.732505,-117.001181,"MG 101, Frank Bruce Robinson. Papers, 1929-1951, University of Idaho Library Special Collections and Archives","MG-101, Box 6, Folder - 'Psychiana Photographs'",single-page; photographs,image/jpeg,Image;StillImage,eng,"Educational use includes non-commercial use of text and images in materials for teaching and research purposes. Digital reproduction permissions granted by University of Idaho Library Special Collections and Archives Department. For other uses beyond free use, please contact University of Idaho Library Special Collections and Archives Department at libspec@uidaho.edu.",http://rightsstatements.org/vocab/InC-EDU/1.0/
demo_psychiana568,psychiana,568,,Photograph of Frank B. Robinson adjusting a small printing press.,Photograph depicts Frank B. Robinson with his sleeves rolled up and an unidentified male and female staff member working at row of small printing presses.,,1940,yes,Daily Idahoan; Psychiana Staff,,,,"MG 101, Frank Bruce Robinson. Papers, 1929-1951, University of Idaho Library Special Collections and Archives","MG-101, Box 6, Folder - 'Psychiana Photographs'",single-page; photographs,image/jpg,Image;StillImage,eng,"Educational use includes non-commercial use of text and images in materials for teaching and research purposes. Digital reproduction permissions granted by University of Idaho Library Special Collections and Archives Department. For other uses beyond free use, please contact University of Idaho Library Special Collections and Archives Department at libspec@uidaho.edu.",http://rightsstatements.org/vocab/InC-EDU/1.0/
demo_psychiana581,psychiana,581,,Photograph of Frank B. Robinson and a man named Henry Banks,"Photograph depicts Frank B. Robinson handing Mr. Henry Banks a can of 'rattlesnake meat' out front of the building of the publication, The News Review.",,1939,yes,The News Review; Frank B. Robinson,,,,"MG 101, Frank Bruce Robinson. Papers, 1929-1951, University of Idaho Library Special Collections and Archives","MG-101, Box 6, Folder - 'Robinson & Friends'",single-page; photographs,image/jpg,Image;StillImage,eng,"Educational use includes non-commercial use of text and images in materials for teaching and research purposes. Digital reproduction permissions granted by University of Idaho Library Special Collections and Archives Department. For other uses beyond free use, please contact University of Idaho Library Special Collections and Archives Department at libspec@uidaho.edu.",http://rightsstatements.org/vocab/InC-EDU/1.0/
demo_psychiana526,psychiana,526,,Photograph of Frank B. Robinson beside his Duesenberg Convertible Coupe,Photograph of Frank B. Robinson standing outside the passenger side of his Duesenberg Convertible Coupe with a park in the background.,,1934,yes,Duesenberg Convertible Coupe,,,,"MG 101, Frank Bruce Robinson. Papers, 1929-1951, University of Idaho Library Special Collections and Archives","MG-101, Box 6, Folder - 'Photographs'",single-page; photographs,image/jpg,Image;StillImage,eng,"Educational use includes non-commercial use of text and images in materials for teaching and research purposes. Digital reproduction permissions granted by University of Idaho Library Special Collections and Archives Department. For other uses beyond free use, please contact University of Idaho Library Special Collections and Archives Department at libspec@uidaho.edu.",http://rightsstatements.org/vocab/InC-EDU/1.0/
demo_psychiana525,psychiana,525,,Photograph of Frank B. Robinson beside his Duesenberg Convertible Coupe in front of crowd,"Photograph of Frank B. Robinson standing by the hood of his Duesenberg Convertible Coupe in a public square or street with many people standing behind him. Along the running board, a sign reads 'Duesenberg Straight 8.'",,1934,yes,Duesenberg Convertible Coupe; Public Square,,,,"MG 101, Frank Bruce Robinson. Papers, 1929-1951, University of Idaho Library Special Collections and Archives","MG-101, Box 6, Folder - 'Photographs'",single-page; photographs,image/jpg,Image;StillImage,eng,"Educational use includes non-commercial use of text and images in materials for teaching and research purposes. Digital reproduction permissions granted by University of Idaho Library Special Collections and Archives Department. For other uses beyond free use, please contact University of Idaho Library Special Collections and Archives Department at libspec@uidaho.edu.",http://rightsstatements.org/vocab/InC-EDU/1.0/
demo_psychiana520,psychiana,520,,Photograph of Frank B. Robinson in his Duesenberg Convertible Coupe,Photograph of view of Frank B. Robinson sitting in the driver's side of his Duesenberg convertible coupe at the curb in front of his house.,,1935,yes,Duesenberg Convertible Coupe; Home,"Moscow, ID",46.733027,-116.992443,"MG 101, Frank Bruce Robinson. Papers, 1929-1951, University of Idaho Library Special Collections and Archives","MG-101, Box 6, Folder - 'Photographs'",single-page; photographs,image/jpeg,Image;StillImage,eng,"Educational use includes non-commercial use of text and images in materials for teaching and research purposes. Digital reproduction permissions granted by University of Idaho Library Special Collections and Archives Department. For other uses beyond free use, please contact University of Idaho Library Special Collections and Archives Department at libspec@uidaho.edu.",http://rightsstatements.org/vocab/InC-EDU/1.0/
demo_psychiana566,psychiana,566,,Photograph of Frank B. Robinson loading a printing press with ink,"Photograph depicts Frank. B. Robinson with his sleeves rolled up, loading a small printing press with ink from a black container.",Zalmanoff,1938,yes,Daily Idahoan; Psychiana Staff,,,,"MG 101, Frank Bruce Robinson. Papers, 1929-1951, University of Idaho Library Special Collections and Archives","MG-101, Box 6, Folder - 'Psychiana Photographs'",single-page; photographs,image/jpg,Image;StillImage,eng,"Educational use includes non-commercial use of text and images in materials for teaching and research purposes. Digital reproduction permissions granted by University of Idaho Library Special Collections and Archives Department. For other uses beyond free use, please contact University of Idaho Library Special Collections and Archives Department at libspec@uidaho.edu.",http://rightsstatements.org/vocab/InC-EDU/1.0/
demo_psychiana519,psychiana,519,,Photograph of Frank B. Robinson playing his organ,Photograph of Frank B. Robinson playing from a book of sheet music on his pipe organ.,,1935,yes,Pipe Organ,"Moscow, ID",46.732534,-117.003116,"MG 101, Frank Bruce Robinson. Papers, 1929-1951, University of Idaho Library Special Collections and Archives","MG-101, Box 6, Folder - 'Photographs'",single-page; photographs,image/jpg,Image;StillImage,eng,"Educational use includes non-commercial use of text and images in materials for teaching and research purposes. Digital reproduction permissions granted by University of Idaho Library Special Collections and Archives Department. For other uses beyond free use, please contact University of Idaho Library Special Collections and Archives Department at libspec@uidaho.edu.",http://rightsstatements.org/vocab/InC-EDU/1.0/
demo_psychiana554,psychiana,554,,Photograph of Frank B. Robinson watching Psychiana staff members work,Photograph depicts young Frank B. Robinson standing in a doorway with his hands on his hips and watching smiling female Psychiana staff complete tasks.,,1935-05-01,,Psychiana Headquarters; Psychiana Staff,,,,"MG 101, Frank Bruce Robinson. Papers, 1929-1951, University of Idaho Library Special Collections and Archives","MG-101, Box 6, Folder - 'Psychiana Photographs'",single-page; photographs,image/jpg,Image;StillImage,eng,"Educational use includes non-commercial use of text and images in materials for teaching and research purposes. Digital reproduction permissions granted by University of Idaho Library Special Collections and Archives Department. For other uses beyond free use, please contact University of Idaho Library Special Collections and Archives Department at libspec@uidaho.edu.",http://rightsstatements.org/vocab/InC-EDU/1.0/
demo_psychiana567,psychiana,567,,Photograph of Frank B. Robinson watching the work of an unidentified male staff member,Photograph depicts Frank B. Robinson standing behind an unidentified male staff member who edits a lithograph plate at a drafting table.,,1940,yes,Daily Idahoan; Psychiana Staff,"Moscow, ID",46.732534,-117.003116,"MG 101, Frank Bruce Robinson. Papers, 1929-1951, University of Idaho Library Special Collections and Archives","MG-101, Box 6, Folder - 'Psychiana Photographs'",single-page; photographs,image/jpg,Image;StillImage,eng,"Educational use includes non-commercial use of text and images in materials for teaching and research purposes. Digital reproduction permissions granted by University of Idaho Library Special Collections and Archives Department. For other uses beyond free use, please contact University of Idaho Library Special Collections and Archives Department at libspec@uidaho.edu.",http://rightsstatements.org/vocab/InC-EDU/1.0/
demo_psychiana552,psychiana,552,,Photograph of Psychiana business office,Photograph depicts an unidentified man and woman sitting over a desk and writing records in ledgers or some sort of record books. The calendar over the desk marks the month of May in year 1938.,,1935-05-01,,Psychiana Headquarters; Psychiana Staff,"Moscow, ID",46.732534,-117.003116,"MG 101, Frank Bruce Robinson. Papers, 1929-1951, University of Idaho Library Special Collections and Archives","MG-101, Box 6, Folder - 'Psychiana Photographs'",single-page; photographs,image/jpg,Image;StillImage,eng,"Educational use includes non-commercial use of text and images in materials for teaching and research purposes. Digital reproduction permissions granted by University of Idaho Library Special Collections and Archives Department. For other uses beyond free use, please contact University of Idaho Library Special Collections and Archives Department at libspec@uidaho.edu.",http://rightsstatements.org/vocab/InC-EDU/1.0/
demo_psychiana556,psychiana,556,,Photograph of revolving table used to sort and compile materials,"Photograph depicts several female Psychiana staff sitting around a revolving 'rotary table,' operated by electric motor and used to assemble Frank B. Robinsons Lessons and follow-up literature before mailing.",,1935-05-01,,Psychiana Headquarters; Psychiana Staff; Lessons,"Moscow, ID",46.731365,-116.999089,"MG 101, Frank Bruce Robinson. Papers, 1929-1951, University of Idaho Library Special Collections and Archives","MG-101, Box 6, Folder - 'Psychiana Photographs'",single-page; photographs,image/jpeg,Image;StillImage,eng,"Educational use includes non-commercial use of text and images in materials for teaching and research purposes. Digital reproduction permissions granted by University of Idaho Library Special Collections and Archives Department. For other uses beyond free use, please contact University of Idaho Library Special Collections and Archives Department at libspec@uidaho.edu.",http://rightsstatements.org/vocab/InC-EDU/1.0/
demo_psychiana547,psychiana,547,,Photograph of some Psychiana staff members at Psychiana's international headquarters,"Photograph of all women staff standing in front of Psychiana's International Headquarters, which operated with a staff of sixty-three women who conducted a direct mail campaign.",,1938,yes,Psychiana Headquarters; Psychiana Staff,"Moscow, ID",46.733843,-117.001138,"MG 101, Frank Bruce Robinson. Papers, 1929-1951, University of Idaho Library Special Collections and Archives","MG-101, Box 6, Folder - 'Psychiana Photographs'",single-page; photographs,image/jpeg,Image;StillImage,eng,"Educational use includes non-commercial use of text and images in materials for teaching and research purposes. Digital reproduction permissions granted by University of Idaho Library Special Collections and Archives Department. For other uses beyond free use, please contact University of Idaho Library Special Collections and Archives Department at libspec@uidaho.edu.",http://rightsstatements.org/vocab/InC-EDU/1.0/
demo_psychiana555,psychiana,555,,Photograph of the bookkeeping department,"Photograph depicts the bookkeeping department in the Psychiana Branch Mailing Department and several female staff completing various tasks of typing, sorting mail, calculating and keeping records.",,1935-05-01,,Psychiana Headquarters; Psychiana Staff,,,,"MG 101, Frank Bruce Robinson. Papers, 1929-1951, University of Idaho Library Special Collections and Archives","MG-101, Box 6, Folder - 'Psychiana Photographs'",single-page; photographs,image/jpg,Image;StillImage,eng,"Educational use includes non-commercial use of text and images in materials for teaching and research purposes. Digital reproduction permissions granted by University of Idaho Library Special Collections and Archives Department. For other uses beyond free use, please contact University of Idaho Library Special Collections and Archives Department at libspec@uidaho.edu.",http://rightsstatements.org/vocab/InC-EDU/1.0/
demo_psychiana546,psychiana,546,,Photograph of The Professional Building built by Frank B. Robinson,"Photograph of The Professional Building main entrance from street view. The Professional Building housed most lawyers and doctors in Moscow, Idaho, along with the Robinson's Exclusive Prescription Pharmacy, grossing $8,000 a year in rent.",,1936,yes,"Moscow, Idaho; Finances","Moscow, ID",46.733843,-117.001138,"MG 101, Frank Bruce Robinson. Papers, 1929-1951, University of Idaho Library Special Collections and Archives","MG-101, Box 6, Folder - 'Psychiana Photographs'",single-page; photographs,image/jpeg,Image;StillImage,eng,"Educational use includes non-commercial use of text and images in materials for teaching and research purposes. Digital reproduction permissions granted by University of Idaho Library Special Collections and Archives Department. For other uses beyond free use, please contact University of Idaho Library Special Collections and Archives Department at libspec@uidaho.edu.",http://rightsstatements.org/vocab/InC-EDU/1.0/
demo_psychiana565,psychiana,565,,"Photograph of three men, two working at linographs","Photograph depicts W.J. Marinean standing between Howard Wallace and T.J. Grief, who sit at two linograph machines and work.",,1935,yes,Daily Idahoan; Psychiana Staff,,,,"MG 101, Frank Bruce Robinson. Papers, 1929-1951, University of Idaho Library Special Collections and Archives","MG-101, Box 6, Folder - 'Psychiana Photographs'",single-page; photographs,image/jpg,Image;StillImage,eng,"Educational use includes non-commercial use of text and images in materials for teaching and research purposes. Digital reproduction permissions granted by University of Idaho Library Special Collections and Archives Department. For other uses beyond free use, please contact University of Idaho Library Special Collections and Archives Department at libspec@uidaho.edu.",http://rightsstatements.org/vocab/InC-EDU/1.0/
demo_psychiana553,psychiana,553,,Photograph of two women using dictaphones,Photograph depicts two women sitting next to each other at a desk and using Dictaphones and typewriters to transcribe documents.,,1938,yes,Psychiana Headquarters; Psychiana Staff,,,,"MG 101, Frank Bruce Robinson. Papers, 1929-1951, University of Idaho Library Special Collections and Archives","MG-101, Box 6, Folder - 'Psychiana Photographs'",single-page; photographs,image/jpg,Image;StillImage,eng,"Educational use includes non-commercial use of text and images in materials for teaching and research purposes. Digital reproduction permissions granted by University of Idaho Library Special Collections and Archives Department. For other uses beyond free use, please contact University of Idaho Library Special Collections and Archives Department at libspec@uidaho.edu.",http://rightsstatements.org/vocab/InC-EDU/1.0/
demo_psychiana559,psychiana,559,,Photograph of unidentified woman using an envelope sorter,Photograph depicts a female Psychiana staff member loading handfuls of envelopes into a sorter machine in preparation for mailing.,,1935-05-01,,Psychiana Headquarters; Psychiana Staff; Mailings,,,,"MG 101, Frank Bruce Robinson. Papers, 1929-1951, University of Idaho Library Special Collections and Archives","MG-101, Box 6, Folder - 'Psychiana Photographs'",single-page; photographs,image/jpg,Image;StillImage,eng,"Educational use includes non-commercial use of text and images in materials for teaching and research purposes. Digital reproduction permissions granted by University of Idaho Library Special Collections and Archives Department. For other uses beyond free use, please contact University of Idaho Library Special Collections and Archives Department at libspec@uidaho.edu.",http://rightsstatements.org/vocab/InC-EDU/1.0/
demo_psychiana569,psychiana,569,,"Photograph of William Walter DeBolt, Frank B. Robinson, and unidentified female staff member working at a sorter","Photograph depicts (from left to right) W.W. DeBolt standing with his hands in his pockets, Frank B. Robinson with sleeves rolled up adjusting a sorter, and a female Psychiana Staff Member collecting materials as they leave the sorter.",,1940,yes,Psychiana Headquarters; Psychiana Staff; Mailings,,,,"MG 101, Frank Bruce Robinson. Papers, 1929-1951, University of Idaho Library Special Collections and Archives","MG-101, Box 6, Folder - 'Psychiana Photographs'",single-page; photographs,image/jpg,Image;StillImage,eng,"Educational use includes non-commercial use of text and images in materials for teaching and research purposes. Digital reproduction permissions granted by University of Idaho Library Special Collections and Archives Department. For other uses beyond free use, please contact University of Idaho Library Special Collections and Archives Department at libspec@uidaho.edu.",http://rightsstatements.org/vocab/InC-EDU/1.0/
demo_psychiana522,psychiana,522,,Portrait of Frank B. Robinson [01],Portrait of middle-aged Frank B. Robinson dressed in a three piece pin-striped suit and tie.,,1935,yes,Portraits; Middle-Aged Frank B. Robinson,,,,"MG 101, Frank Bruce Robinson. Papers, 1929-1951, University of Idaho Library Special Collections and Archives","MG-101, Box 6, Folder - 'Photographs'",single-page; photographs,image/jpg,Image;StillImage,eng,"Educational use includes non-commercial use of text and images in materials for teaching and research purposes. Digital reproduction permissions granted by University of Idaho Library Special Collections and Archives Department. For other uses beyond free use, please contact University of Idaho Library Special Collections and Archives Department at libspec@uidaho.edu.",http://rightsstatements.org/vocab/InC-EDU/1.0/
demo_psychiana524,psychiana,524,,Portrait of Frank B. Robinson [02],"Portrait of middle-aged Frank B. Robinson wearing a suit, tie, vest, and black pork pie hat.",,1935,yes,Portraits; Middle-Aged Frank B. Robinson,,,,"MG 101, Frank Bruce Robinson. Papers, 1929-1951, University of Idaho Library Special Collections and Archives","MG-101, Box 6, Folder - 'Photographs'",single-page; photographs,image/jpg,Image;StillImage,eng,"Educational use includes non-commercial use of text and images in materials for teaching and research purposes. Digital reproduction permissions granted by University of Idaho Library Special Collections and Archives Department. For other uses beyond free use, please contact University of Idaho Library Special Collections and Archives Department at libspec@uidaho.edu.",http://rightsstatements.org/vocab/InC-EDU/1.0/
demo_psychiana527,psychiana,527,,Portrait of Frank B. Robinson [03],Portrait of middle-aged Frank B. Robinson wearing a three piece suit with pocket watch and sitting in an ornate chair with animals carved into the handles.,,1935,yes,Portraits; Middle-Aged Frank B. Robinson,,,,"MG 101, Frank Bruce Robinson. Papers, 1929-1951, University of Idaho Library Special Collections and Archives","MG-101, Box 6, Folder - 'Photographs'",single-page; photographs,image/jpg,Image;StillImage,eng,"Educational use includes non-commercial use of text and images in materials for teaching and research purposes. Digital reproduction permissions granted by University of Idaho Library Special Collections and Archives Department. For other uses beyond free use, please contact University of Idaho Library Special Collections and Archives Department at libspec@uidaho.edu.",http://rightsstatements.org/vocab/InC-EDU/1.0/
demo_psychiana394,psychiana,394,,Psychiana Certificate of Life Membership,A certificate of 'life membership' in Psychiana.,,1946,yes,"Prayer; Alfred B. Robinson; Spirit of God; Moscow, Idaho; Graduation",,,,"MG 101, Frank Bruce Robinson. Papers, 1929-1951, University of Idaho Library Special Collections and Archives","MG-101, Box 7, Folder 29",photograph; certificates,application/pdf,Text,eng,"Educational use includes non-commercial use of text and images in materials for teaching and research purposes. Digital reproduction permissions granted by University of Idaho Library Special Collections and Archives Department. For other uses beyond free use, please contact University of Idaho Library Special Collections and Archives Department at libspec@uidaho.edu.",http://rightsstatements.org/vocab/InC-EDU/1.0/
demo_psychiana802,psychiana,802,,"Psychiana Quarterly, December 1935","Issue begins with advertisements for Psychiana with question, 'WHAT IS GOD, REALLY?' and contains various articles on the crucifixion of Jesus, Christmas, Billy Sunday, World War II and violence in Europe, and the state of Religion in Mexico. Issue also includes an inspirational poem and letter from Psychiana student with a story about her eyesight being restored.","Psychiana, Inc.",1935-12-01,,Psychiana Quarterly,,,,"MG 101, Frank Bruce Robinson. Papers, 1929-1951, University of Idaho Library Special Collections and Archives","MG-101, Box 4, Folder 20",multiple-page; quarterlies,application/pdf,Text,eng,"Educational use includes non-commercial use of text and images in materials for teaching and research purposes. Digital reproduction permissions granted by University of Idaho Library Special Collections and Archives Department. For other uses beyond free use, please contact University of Idaho Library Special Collections and Archives Department at libspec@uidaho.edu.",http://rightsstatements.org/vocab/InC-EDU/1.0/
demo_psychiana361,psychiana,361,,Psychiana Religion Book List,Yellow pamphlet listing the various books printed by Psychiana available for purchase.  Includes all of Robinson's books and two by other writers.,,1948,yes,"Moscow, Idaho; God Power; Costs; B. E. Bentley; Marcus Bach; Robinson's Books","New York, NY",40.713569,-74.023587,"MG 101, Frank Bruce Robinson. Papers, 1929-1951, University of Idaho Library Special Collections and Archives","MG-101, Box 7, Folder 27",multiple-page; catalogues,application/pdf,Text,eng,"Educational use includes non-commercial use of text and images in materials for teaching and research purposes. Digital reproduction permissions granted by University of Idaho Library Special Collections and Archives Department. For other uses beyond free use, please contact University of Idaho Library Special Collections and Archives Department at libspec@uidaho.edu.",http://rightsstatements.org/vocab/InC-EDU/1.0/
demo_psychiana998,psychiana,998,,Psychiana Spiritual Blitzkrieg button,"A button featuring an illustration of Hitler and a quote: 'Believing that right is superior to brute force, I am helping to bring Hitler's defeat by repeating hourly, the power of right (God) will bring your speedy downfall.'",,1940,yes,"Hitler; Prayer; Moscow, Idaho; Blitzkrieg",,,,"MG 101, Frank Bruce Robinson. Papers, 1929-1951, University of Idaho Library Special Collections and Archives","MG-101, Box 7, Folder 11",single-page; buttons (information artifacts),application/pdf,Text,eng,"Educational use includes non-commercial use of text and images in materials for teaching and research purposes. Digital reproduction permissions granted by University of Idaho Library Special Collections and Archives Department. For other uses beyond free use, please contact University of Idaho Library Special Collections and Archives Department at libspec@uidaho.edu.",http://rightsstatements.org/vocab/InC-EDU/1.0/
demo_psychiana311,psychiana,311,,Psychiana What It Is,Flyer details the story of Psychiana and Robinson's life on the front. The back includes articles about Latah County farmers asking for loans and statements about how Psychiana has enriched the lives of students.,"Psychiana, Inc.",1935,yes,Psychiana Origin; Robinson's Life; Latah County; Psychiana Growth; Success; Farmers,,,,"MG 101, Frank Bruce Robinson. Papers, 1929-1951, University of Idaho Library Special Collections and Archives","MG-101, Box 7, Folder 26",multiple-page; flyers,application/pdf,Text,eng,"Educational use includes non-commercial use of text and images in materials for teaching and research purposes. Digital reproduction permissions granted by University of Idaho Library Special Collections and Archives Department. For other uses beyond free use, please contact University of Idaho Library Special Collections and Archives Department at libspec@uidaho.edu.",http://rightsstatements.org/vocab/InC-EDU/1.0/
demo_psychiana34,psychiana,34,,Quiet Talks With God - Proving God Lives in You,"Quiet Talks With God included a series of 101 newspaper columns written by Frank B. Robinson to communicate teachings of Psychiana. Column 4,'Proving God Lives in You,' discusses the miracle of birth and the fact that some Power takes over once a fetus is conceived. Robinson equates this to the power of nature and, therefore, God. This article is edited into columns on glossy paper with corrections in pencil.","Robinson, Frank B.",1941,yes,Psychiana Teachings; God-Power,"Spokane, WA",47.65557,-117.419063,"MG 101, Frank Bruce Robinson. Papers, 1929-1951, University of Idaho Library Special Collections and Archives","MG-101, Box 5, Folder 19",multiple-page; clippings,application/pdf,Text,eng,"Educational use includes non-commercial use of text and images in materials for teaching and research purposes. Digital reproduction permissions granted by University of Idaho Library Special Collections and Archives Department. For other uses beyond free use, please contact University of Idaho Library Special Collections and Archives Department at libspec@uidaho.edu.",http://rightsstatements.org/vocab/InC-EDU/1.0/
demo_psychiana246,psychiana,246,,Sales - Agents Application Blank,Fill out and sign enclosed 'Sales Agents Application Blank'. Notice to inform students about becoming sale agents for Psychiana and receiving a 33 1/3% commission.,,1936,yes,Application; Commission; Teaching; Sales Agent; Spreading Psychiana,,,,"MG 101, Frank Bruce Robinson. Papers, 1929-1951, University of Idaho Library Special Collections and Archives","MG-101, Box 7, Folder 23",multiple-page; application forms,application/pdf,Text,eng,"Educational use includes non-commercial use of text and images in materials for teaching and research purposes. Digital reproduction permissions granted by University of Idaho Library Special Collections and Archives Department. For other uses beyond free use, please contact University of Idaho Library Special Collections and Archives Department at libspec@uidaho.edu.",http://rightsstatements.org/vocab/InC-EDU/1.0/
demo_psychiana521,psychiana,521,,Several portrait photographs of a younger Frank B. Robinson,"Three portrait photographs of a young Frank B. Robinson, two of which have been cut out, wearing the same suit but posing differently in each photograph. 'Age 16' written in pencil in white space.",,1902,yes,Portraits; Young Frank B. Robinson,,,,"MG 101, Frank Bruce Robinson. Papers, 1929-1951, University of Idaho Library Special Collections and Archives","MG-101, Box 6, Folder - 'Photographs'",single-page; photographs,image/jpg,Image;StillImage,eng,"Educational use includes non-commercial use of text and images in materials for teaching and research purposes. Digital reproduction permissions granted by University of Idaho Library Special Collections and Archives Department. For other uses beyond free use, please contact University of Idaho Library Special Collections and Archives Department at libspec@uidaho.edu.",http://rightsstatements.org/vocab/InC-EDU/1.0/
demo_psychiana375,psychiana,375,,Shall We Know Each Other Beyond the Tomb?,Advertisement for Robinson's book 'Shall We Know Each Other Beyond the Tomb?'  Includes order form.,,1937,yes,"Moscow, Idaho; Costs; Robinson's Books",,,,"MG 101, Frank Bruce Robinson. Papers, 1929-1951, University of Idaho Library Special Collections and Archives","MG-101, Box 7, Folder 27",single-page; order forms,application/pdf,Text,eng,"Educational use includes non-commercial use of text and images in materials for teaching and research purposes. Digital reproduction permissions granted by University of Idaho Library Special Collections and Archives Department. For other uses beyond free use, please contact University of Idaho Library Special Collections and Archives Department at libspec@uidaho.edu.",http://rightsstatements.org/vocab/InC-EDU/1.0/
demo_psychiana589,psychiana,589,,Signed portrait of Tommy Burns at age 27 mailed to Frank B. Robinson,"Signed portrait of world heavyweight boxing champion Tommy Burns at the age of 27, wearing his heavyweight belt with a personal note to Frank B. Robinson on back.",,1942,yes,Tommy Burns; Celebrity Friends,,,,"MG 101, Frank Bruce Robinson. Papers, 1929-1951, University of Idaho Library Special Collections and Archives","MG-101, Box 6, Folder - 'Robinson & Friends'",single-page; photographs,image/jpg,Image;StillImage,eng,"Educational use includes non-commercial use of text and images in materials for teaching and research purposes. Digital reproduction permissions granted by University of Idaho Library Special Collections and Archives Department. For other uses beyond free use, please contact University of Idaho Library Special Collections and Archives Department at libspec@uidaho.edu.",http://rightsstatements.org/vocab/InC-EDU/1.0/
demo_psychiana387,psychiana,387,,Special Notice [02],Letter begins by affirming Psychiana helps everyone find the God Realm. The majority and rest of the letter explains that Psychiana is not a wealthy institution and has not been receiving donations to cover the cost of its extensive overhead for operation and staffing. Robinson then asks for donations.,"Robinson, Frank B.",1938-11-16,,,,,,"MG 101, Frank Bruce Robinson. Papers, 1929-1951, University of Idaho Library Special Collections and Archives","MG-101, Box 4, Folder 27",single-page; letters,application/pdf,Text,eng,"Educational use includes non-commercial use of text and images in materials for teaching and research purposes. Digital reproduction permissions granted by University of Idaho Library Special Collections and Archives Department. For other uses beyond free use, please contact University of Idaho Library Special Collections and Archives Department at libspec@uidaho.edu.",http://rightsstatements.org/vocab/InC-EDU/1.0/
demo_psychiana835,psychiana,835,,Study This Picture Carefully,Illustration of a stalk of corn. Text follows the illustration regarding the ways in which a person is like a corn plant.,,1939,yes,God-Law; Realm of God; God-Power; Illustrations; Stephen Bern Dahlman,,,,"MG 101, Frank Bruce Robinson. Papers, 1929-1951, University of Idaho Library Special Collections and Archives","MG-101, Box 7, Folder 3",single-page; flyers,application/pdf,Text,eng,"Educational use includes non-commercial use of text and images in materials for teaching and research purposes. Digital reproduction permissions granted by University of Idaho Library Special Collections and Archives Department. For other uses beyond free use, please contact University of Idaho Library Special Collections and Archives Department at libspec@uidaho.edu.",http://rightsstatements.org/vocab/InC-EDU/1.0/
demo_psychiana443,psychiana,443,,Tack this up in your kitchen,"Flyer includes illustrations of Hitler and Mussolini, reminding Psychiana students to say an affirmation and use the Spirit of God against injustice.",,1941,yes,Spirit of God; Psychiana Affirmations; Hitler; Mussolini,,,,"MG 101, Frank Bruce Robinson. Papers, 1929-1951, University of Idaho Library Special Collections and Archives","MG-101, Box 7, Folder 31",single-page; flyers,application/pdf,Text,eng,"Educational use includes non-commercial use of text and images in materials for teaching and research purposes. Digital reproduction permissions granted University of Idaho Library Special Collections and Archives Department. For other uses beyond free use, please contact University of Idaho Library Special Collections and Archives Department at libspec@uidaho.edu.",http://rightsstatements.org/vocab/InC-EDU/1.0/
demo_psychiana99,psychiana,99,,Test Tube' Life Hopeless? Two Scientists Disagree,"Clipping reports that man might as well give up trying to create life in a laboratory and affirms, via a quote from Dr. James Gray, that Biology provides no support as the origin of living matter in the world.",,1933-09-08,,Science and Technology,,,,"MG 101, Frank Bruce Robinson. Papers, 1929-1951, University of Idaho Library Special Collections and Archives","MG-101, Box 5, Folder 24",single-page; clippings,application/pdf,Text,eng,"Educational use includes non-commercial use of text and images in materials for teaching and research purposes. Digital reproduction permissions granted by University of Idaho Library Special Collections and Archives Department. For other uses beyond free use, please contact University of Idaho Library Special Collections and Archives Department at libspec@uidaho.edu.",http://rightsstatements.org/vocab/InC-EDU/1.0/
demo_psychiana323,psychiana,323,,Thank God for the Atom-Bomb,Flyer claims the atom bomb is the first scientific proof of a power that lives in people. Also claims this 'POWER POWER POWER' comes from talking to God.,"Psychiana, Inc.",1946,yes,Atom Bomb; God-Power; Science and Science and Technology; Talking with God,,,,"MG 101, Frank Bruce Robinson. Papers, 1929-1951, University of Idaho Library Special Collections and Archives","MG-101, Box 7, Folder 26",single-page; flyers,application/pdf,Text,eng,"Educational use includes non-commercial use of text and images in materials for teaching and research purposes. Digital reproduction permissions granted University of Idaho Library Special Collections and Archives Department. For other uses beyond free use, please contact University of Idaho Library Special Collections and Archives Department at libspec@uidaho.edu.",http://rightsstatements.org/vocab/InC-EDU/1.0/
demo_psychiana354,psychiana,354,,The Amazing Story of 'Psychiana',Small card advertising a brochure about Psychiana for only $1.00. Includes detachable order form.,"Psychiana, Inc.",1942,yes,Psychiana Headquarters; Psychiana Staff; Costs,,,,"MG 101, Frank Bruce Robinson. Papers, 1929-1951, University of Idaho Library Special Collections and Archives","MG-101, Box 7, Folder 26",single-page; offers,application/pdf,Text,eng,"Educational use includes non-commercial use of text and images in materials for teaching and research purposes. Digital reproduction permissions granted University of Idaho Library Special Collections and Archives Department. For other uses beyond free use, please contact University of Idaho Library Special Collections and Archives Department at libspec@uidaho.edu.",http://rightsstatements.org/vocab/InC-EDU/1.0/
demo_psychiana318,psychiana,318,,The Beginning of a Busy Day,Advertisement includes photo of Robinson sitting at his desk looking through many large stacks of paper. Caption asserts that Robinson receives more letters via U.S. mail than most professionals and answers every letter with sound and solid advice personally with the help of his staff.,"Psychiana, Inc.",1938,yes,,,,,"MG 101, Frank Bruce Robinson. Papers, 1929-1951, University of Idaho Library Special Collections and Archives","MG-101, Box 4, Folder 27",single-page; advertisements,application/pdf,Text,eng,"Educational use includes non-commercial use of text and images in materials for teaching and research purposes. Digital reproduction permissions granted University of Idaho Library Special Collections and Archives Department. For other uses beyond free use, please contact University of Idaho Library Special Collections and Archives Department at libspec@uidaho.edu.",http://rightsstatements.org/vocab/InC-EDU/1.0/
demo_psychiana373,psychiana,373,,The Life Story of Frank B. Robinson,Advertisement for Robinson's book 'The Life Story of Frank B. Robinson.'  Includes order form.,,1934,yes,"Moscow, Idaho; Costs; Robinson's Books; Robinson's Life",,,,"MG 101, Frank Bruce Robinson. Papers, 1929-1951, University of Idaho Library Special Collections and Archives","MG-101, Box 7, Folder 27",single-page; order forms,application/pdf,Text,eng,"Educational use includes non-commercial use of text and images in materials for teaching and research purposes. Digital reproduction permissions granted University of Idaho Library Special Collections and Archives Department. For other uses beyond free use, please contact University of Idaho Library Special Collections and Archives Department at libspec@uidaho.edu.",http://rightsstatements.org/vocab/InC-EDU/1.0/
demo_psychiana1025,psychiana,1025,,The Light Within,A flyer featuring an illustration of a lighthouse on the coast representing the light of God within the viewer.,,1942,yes,Spirit of God; God-Power; Truth; Illustrations,,,,"MG 101, Frank Bruce Robinson. Papers, 1929-1951, University of Idaho Library Special Collections and Archives","MG-101, Box 7, Folder 13",single-page; flyers,application/pdf,Text,eng,"Educational use includes non-commercial use of text and images in materials for teaching and research purposes. Digital reproduction permissions granted University of Idaho Library Special Collections and Archives Department. For other uses beyond free use, please contact University of Idaho Library Special Collections and Archives Department at libspec@uidaho.edu.",http://rightsstatements.org/vocab/InC-EDU/1.0/
demo_psychiana686,psychiana,686,,The Man Who Talked With God,"Article from Thrill summarizing the origins of Psychiana, Robinson's beliefs, and focusing on the volume of material Psychiana mails and the large postage bill. Includes multiple photographs of Frank B. Robinson, his family, colleagues, Psychiana headquarters, and a Psychiana lecture.",,1942-05-01,,Psychiana Origin; Robinson Family; Mail Order Religion,,,,"MG 101, Frank Bruce Robinson. Papers, 1929-1951, University of Idaho Library Special Collections and Archives","MG-101, Box 6, Folder - 'Magazine Articles'",multiple-page; articles,application/pdf,Text,eng,"Educational use includes non-commercial use of text and images in materials for teaching and research purposes. Digital reproduction permissions granted University of Idaho Library Special Collections and Archives Department. For other uses beyond free use, please contact University of Idaho Library Special Collections and Archives Department at libspec@uidaho.edu.",http://rightsstatements.org/vocab/InC-EDU/1.0/
demo_psychiana374,psychiana,374,,The Name of the Beast 666,Advertisement for Robinson's book 'The Name of the Beast '666.''  Includes order form.,,1935,yes,"Moscow, Idaho; Costs; Robinson's Books",,,,"MG 101, Frank Bruce Robinson. Papers, 1929-1951, University of Idaho Library Special Collections and Archives","MG-101, Box 7, Folder 27",single-page; order forms,application/pdf,Text,eng,"Educational use includes non-commercial use of text and images in materials for teaching and research purposes. Digital reproduction permissions granted University of Idaho Library Special Collections and Archives Department. For other uses beyond free use, please contact University of Idaho Library Special Collections and Archives Department at libspec@uidaho.edu.",http://rightsstatements.org/vocab/InC-EDU/1.0/
demo_psychiana252,psychiana,252,,The New Psychiana,Flyer announcing Frank B. Robinson's new Lessons.,,1945,yes,Doomed; Atomic War; Hiroshima; Civilizations; World War,,,,"MG 101, Frank Bruce Robinson. Papers, 1929-1951, University of Idaho Library Special Collections and Archives","MG-101, Box 7, Folder 23",multiple-page; flyers,application/pdf,Text,eng,"Educational use includes non-commercial use of text and images in materials for teaching and research purposes. Digital reproduction permissions granted University of Idaho Library Special Collections and Archives Department. For other uses beyond free use, please contact University of Idaho Library Special Collections and Archives Department at libspec@uidaho.edu.",http://rightsstatements.org/vocab/InC-EDU/1.0/
demo_psychiana338,psychiana,338,,The Power of God Can Give To You New Life,Flyer claims Psychiana lessons will bring new life to students and can provide Allied forces with power to win World War II. Also states churches have never revealed this Power.,"Psychiana, Inc.",1944,yes,God-Power; World War; Allied Forces,,,,"MG 101, Frank Bruce Robinson. Papers, 1929-1951, University of Idaho Library Special Collections and Archives","MG-101, Box 7, Folder 26",single-page; flyers,application/pdf,Text,eng,"Educational use includes non-commercial use of text and images in materials for teaching and research purposes. Digital reproduction permissions granted University of Idaho Library Special Collections and Archives Department. For other uses beyond free use, please contact University of Idaho Library Special Collections and Archives Department at libspec@uidaho.edu.",http://rightsstatements.org/vocab/InC-EDU/1.0/
demo_psychiana339,psychiana,339,,"The Power of God, the Power of God, the Power of God","Flyer proclaims the discovery of the Power of God, which is available to anyone at any time through Psychiana Lessons. Also criticizes orthodox doctrine that God was crucified.","Psychiana, Inc.",1944,yes,Crucified God; Criticizing Orthodox Religion; God-Power,,,,"MG 101, Frank Bruce Robinson. Papers, 1929-1951, University of Idaho Library Special Collections and Archives","MG-101, Box 7, Folder 26",single-page; flyers,application/pdf,Text,eng,"Educational use includes non-commercial use of text and images in materials for teaching and research purposes. Digital reproduction permissions granted University of Idaho Library Special Collections and Archives Department. For other uses beyond free use, please contact University of Idaho Library Special Collections and Archives Department at libspec@uidaho.edu.",http://rightsstatements.org/vocab/InC-EDU/1.0/
demo_psychiana273,psychiana,273,,"The Psychiana Bulletin, May 1950","Bulletin includes a primary article discussing the importance of mountains and the 'high' people feel when they go to the mountains and into nature. This  includes stories of mountains in the Bible. Also includes stories written for children, letters from students, Q and A, and other articles.",The Wayfarer'; Various,1950-05-01,,Psychiana Bulletin,,,,"MG 101, Frank Bruce Robinson. Papers, 1929-1951, University of Idaho Library Special Collections and Archives","MG-101, Box 4, Folder 26",multiple-page; bulletins,application/pdf,Text,eng,"Educational use includes non-commercial use of text and images in materials for teaching and research purposes. Digital reproduction permissions granted University of Idaho Library Special Collections and Archives Department. For other uses beyond free use, please contact University of Idaho Library Special Collections and Archives Department at libspec@uidaho.edu.",http://rightsstatements.org/vocab/InC-EDU/1.0/
demo_psychiana707,psychiana,707,,"The Shepherd of Moscow, Idaho","Article from Colliers Magazine provides a holistic view of Frank B. Robinson's life and Psychiana, including Robinson's travels before founding Psychiana, the development of the literature and doctrine, those who oppose and criticize Psychiana, and the financial success of Robinson himself.","Kobler, John",1943-02-20,,Robinson's Life; Psychiana Criticism; Robinson's Wealth,"Moscow, ID",46.732063,-117.001743,"MG 101, Frank Bruce Robinson. Papers, 1929-1951, University of Idaho Library Special Collections and Archives","MG-101, Box 6, Folder - 'Magazine Articles'",multiple-page; articles,application/pdf,Text,eng,"Educational use includes non-commercial use of text and images in materials for teaching and research purposes. Digital reproduction permissions granted University of Idaho Library Special Collections and Archives Department. For other uses beyond free use, please contact University of Idaho Library Special Collections and Archives Department at libspec@uidaho.edu.",http://rightsstatements.org/vocab/InC-EDU/1.0/
demo_psychiana360,psychiana,360,,"The Sky is Red, for Protestant ministers",Lecture addressed to Protestant ministers about the dire nature of the church and its doctrine.,"Robinson, Frank B.",1940,yes,Criticizing Orthodox Religion; Church in Decline; Jesus Christ,,,,"MG 101, Frank Bruce Robinson. Papers, 1929-1951, University of Idaho Library Special Collections and Archives","MG-101, Box 7, Folder 26",multiple-page; lectures,application/pdf,Text,eng,"Educational use includes non-commercial use of text and images in materials for teaching and research purposes. Digital reproduction permissions granted University of Idaho Library Special Collections and Archives Department. For other uses beyond free use, please contact University of Idaho Library Special Collections and Archives Department at libspec@uidaho.edu.",http://rightsstatements.org/vocab/InC-EDU/1.0/
demo_psychiana405,psychiana,405,,The World Comes After the Truth Every Time it is Offered to it.,Single-page flyer featuring large photograph of audience that came to hear Robinson speak in LA.  Text follows regarding the popularity of Robinson as a speaker,,1935,yes,"Lecture; Moscow, Idaho; Ernest Holmes; Los Angeles; Spirit of God",,,,"MG 101, Frank Bruce Robinson. Papers, 1929-1951, University of Idaho Library Special Collections and Archives","MG-101, Box 7, Folder 28",single-page; flyers,application/pdf,Text,eng,"Educational use includes non-commercial use of text and images in materials for teaching and research purposes. Digital reproduction permissions granted University of Idaho Library Special Collections and Archives Department. For other uses beyond free use, please contact University of Idaho Library Special Collections and Archives Department at libspec@uidaho.edu.",http://rightsstatements.org/vocab/InC-EDU/1.0/
demo_psychiana831,psychiana,831,,This Drawing Depicts What Everyone May Have Through the Dynamic Power of the 'God-Law',Illustration of the Statue of Liberty. Paragraph follows illustration detailing the ways in which Psychiana can liberate its practitioners.,,1939,yes,God-Law; Spirit of God; America; Freedom; Illustrations; Stephen Bern Dahlman,,,,"MG 101, Frank Bruce Robinson. Papers, 1929-1951, University of Idaho Library Special Collections and Archives","MG-101, Box 7, Folder 3",single-page; flyers,application/pdf,Text,eng,"Educational use includes non-commercial use of text and images in materials for teaching and research purposes. Digital reproduction permissions granted University of Idaho Library Special Collections and Archives Department. For other uses beyond free use, please contact University of Idaho Library Special Collections and Archives Department at libspec@uidaho.edu.",http://rightsstatements.org/vocab/InC-EDU/1.0/
demo_psychiana828,psychiana,828,,This Life of Fulfillment May be Yours Through the Power Teach,"Illustration and two letters. Illustration of a man wearing academic regalia and bearing a scroll labeled 'TRUTH.' He is walking out of a building labeled 'KNOWLEDGE OF THE LIVING GOD' and down a path labeled 'LIFE OF FULFILLMENT' toward a rising sun. The letter under the illustration discusses the way God is available for all persons. The reverse side contains a letter titled 'A WORD OF WARNING' that states that, although there are wondrous benefits to tapping the God-Power, the knowledge also comes with the responsibility to recruit others to the Psychiana cause.","Robinson, Frank B.",1939,yes,Living God; God-Realm; God-Power; Recruitment; Spreading Psychiana; Illustrations; Stephen Bern Dahlman,,,,"MG 101, Frank Bruce Robinson. Papers, 1929-1951, University of Idaho Library Special Collections and Archives","MG-101, Box 7, Folder 3",single-page; flyers,application/pdf,Text,eng,"Educational use includes non-commercial use of text and images in materials for teaching and research purposes. Digital reproduction permissions granted University of Idaho Library Special Collections and Archives Department. For other uses beyond free use, please contact University of Idaho Library Special Collections and Archives Department at libspec@uidaho.edu.",http://rightsstatements.org/vocab/InC-EDU/1.0/
demo_psychiana250,psychiana,250,,To 'Psychiana' Members who Have Allowed Their Commitments to Become Delinquent [02],A form letter from Frank B. Robinson asks members to meet their monetary commitment for the movement.,"Robinson, Frank B.",1934,yes,Commitment; Delinquent; Students; Lessons,,,,"MG 101, Frank Bruce Robinson. Papers, 1929-1951, University of Idaho Library Special Collections and Archives","MG-101, Box 7, Folder 23",single-page; form letters,application/pdf,Text,eng,"Educational use includes non-commercial use of text and images in materials for teaching and research purposes. Digital reproduction permissions granted University of Idaho Library Special Collections and Archives Department. For other uses beyond free use, please contact University of Idaho Library Special Collections and Archives Department at libspec@uidaho.edu.",http://rightsstatements.org/vocab/InC-EDU/1.0/
demo_psychiana254,psychiana,254,,To My Students [02],A single-page notice sent to members asking that they do not make Frank B. Robinson any personal loans.,"Robinson, Frank B.",1938,yes,Personal Loans; Sufficient; Bank Loans,,,,"MG 101, Frank Bruce Robinson. Papers, 1929-1951, University of Idaho Library Special Collections and Archives","MG-101, Box 7, Folder 24",single-page; notices,application/pdf,Text,eng,"Educational use includes non-commercial use of text and images in materials for teaching and research purposes. Digital reproduction permissions granted University of Idaho Library Special Collections and Archives Department. For other uses beyond free use, please contact University of Idaho Library Special Collections and Archives Department at libspec@uidaho.edu.",http://rightsstatements.org/vocab/InC-EDU/1.0/
demo_psychiana293,psychiana,293,,To My Students Everywhere [01],"Letter notifies students Robinson has revised and created new lessons he calls 'masterpieces,' which he claims are far superior to the old lessons. He also offers these lessons to students for free if they bought the old lessons but asks for donations in order to keep Psychiana lessons in production. Letter includes a copy of Robinson's signature and illustrations of Robinson and Tenney.","Robinson, Frank B.",1938,yes,,,,,"MG 101, Frank Bruce Robinson. Papers, 1929-1951, University of Idaho Library Special Collections and Archives","MG-101, Box 4, Folder 27",single-page; letters,application/pdf,Text,eng,"Educational use includes non-commercial use of text and images in materials for teaching and research purposes. Digital reproduction permissions granted University of Idaho Library Special Collections and Archives Department. For other uses beyond free use, please contact University of Idaho Library Special Collections and Archives Department at libspec@uidaho.edu.",http://rightsstatements.org/vocab/InC-EDU/1.0/
demo_cities80,cities,80,,"Main Street. Moscow, Idaho. Moscow, Idaho.",Visible: F & S Drugs.,,1915,y,drugstores; parades;,Moscow,46.731951,-117.001337,Photo Group 5  | University of Idaho Library Special Collections & Archives | http://www.lib.uidaho.edu/special-collections/index.html,5-001-13e,2.25x3.25 black and white print,image/jpg,Image;StillImage,eng,"Material determined to be in Public Domain based on date of publication. Material made available by the University of Idaho Library. For more information, please contact University of Idaho Library Special Collections and Archives Department at libspec@uidaho.edu.",https://creativecommons.org/publicdomain/mark/1.0/
demo_cities81,cities,81,,"Main Street from intersection of Main and 5th. Moscow, Idaho.",,,1892,,machinery shop; main street;,Moscow,46.731009,-117.001219,Photo Group 5  | University of Idaho Library Special Collections & Archives | http://www.lib.uidaho.edu/special-collections/index.html,5-001-13f,5x7 black and white print,image/jpg,Image;StillImage,eng,"Material determined to be in Public Domain based on date of publication. Material made available by the University of Idaho Library. For more information, please contact University of Idaho Library Special Collections and Archives Department at libspec@uidaho.edu.",https://creativecommons.org/publicdomain/mark/1.0/
demo_cities82,cities,82,,"Main Street looking south from top of Hotel Moscow. Moscow, Idaho.",Postcard. Caption 'No. 43 Lower Main Street from top of Hotel Moscow Idaho',,1940,y,main street;,Moscow,46.731797,-117.001659,Photo Group 5  | University of Idaho Library Special Collections & Archives | http://www.lib.uidaho.edu/special-collections/index.html,5-001-13g,3.5x5.5 black and white print,image/jpg,Image;StillImage,eng,"Educational use includes non-commercial use of text and images in materials for teaching and research purposes. Digital reproduction rights granted by University of Idaho Library. For other uses beyond educational use, please contact University of Idaho Library Special Collections and Archives Department at libspec@uidaho.edu.",http://rightsstatements.org/vocab/InC-EDU/1.0/
demo_cities83,cities,83,,"Main Street looking north. Moscow, Idaho.","Visible: Fisk's Tires, Star Motel, Albers, Williamsons Dept. Store. Postcard. Caption reads 'Main St., Moscow, Idaho'",,1940,y,main street;,Moscow,46.730424,-117.001358,Photo Group 5  | University of Idaho Library Special Collections & Archives | http://www.lib.uidaho.edu/special-collections/index.html,5-001-13h,3.5x5.5 black and white print,image/jpg,Image;StillImage,eng,"Educational use includes non-commercial use of text and images in materials for teaching and research purposes. Digital reproduction rights granted by University of Idaho Library. For other uses beyond educational use, please contact University of Idaho Library Special Collections and Archives Department at libspec@uidaho.edu.",http://rightsstatements.org/vocab/InC-EDU/1.0/
demo_cities84,cities,84,,"Main Street from intersection of A and Main Streets. Moscow, Idaho","Visible: Hotel Idaho, Williamson's Dept. Store.",,1920,,main street; hotels (public accommodations);,Moscow,46.734573,-117.001407,Photo Group 5  | University of Idaho Library Special Collections & Archives | http://www.lib.uidaho.edu/special-collections/index.html,5-001-13i,5x7 black and white print,image/jpg,Image;StillImage,eng,"Material determined to be in Public Domain based on date of publication. Material made available by the University of Idaho Library. For more information, please contact University of Idaho Library Special Collections and Archives Department at libspec@uidaho.edu.",https://creativecommons.org/publicdomain/mark/1.0/
demo_cities85,cities,85,,"Main Street from intersection of 8th and Main Streets. Moscow, Idaho.",,,1882,,main street;,Moscow,46.728079,-117.001326,Photo Group 5  | University of Idaho Library Special Collections & Archives | http://www.lib.uidaho.edu/special-collections/index.html,5-001-13k,5x7 black and white print,image/jpg,Image;StillImage,eng,"Material determined to be in Public Domain based on date of publication. Material made available by the University of Idaho Library. For more information, please contact University of Idaho Library Special Collections and Archives Department at libspec@uidaho.edu.",https://creativecommons.org/publicdomain/mark/1.0/
demo_cities86,cities,86,,"Main Street from intersection of 4th and Main Streets. Moscow, Idaho.","Visible: Moscow Hotel, Creightons, Idaho First National Bank, David's, Carters, Rexall Drugs",,1948,,main street; hotels (public accommodations);,Moscow,46.731698,-117.001326,Photo Group 5  | University of Idaho Library Special Collections & Archives | http://www.lib.uidaho.edu/special-collections/index.html,5-001-13L,8x10 black and white print,image/jpg,Image;StillImage,eng,"Educational use includes non-commercial use of text and images in materials for teaching and research purposes. Digital reproduction rights granted by University of Idaho Library. For other uses beyond educational use, please contact University of Idaho Library Special Collections and Archives Department at libspec@uidaho.edu.",http://rightsstatements.org/vocab/InC-EDU/1.0/
demo_cities87,cities,87,,"Birdseye view of business district from corner of 6th and Jackson Streets. Moscow, Idaho.","Postcard. Caption reads 'No. 21 Birds eye view business district. Moscow, Idaho.",,1920,,aerial views; lumber yards;,Moscow,46.730025,-117.002689,Photo Group 5  | University of Idaho Library Special Collections & Archives | http://www.lib.uidaho.edu/special-collections/index.html,5-001-13j,3.5x5.5 black and white print,image/jpg,Image;StillImage,eng,"Material determined to be in Public Domain based on date of publication. Material made available by the University of Idaho Library. For more information, please contact University of Idaho Library Special Collections and Archives Department at libspec@uidaho.edu.",https://creativecommons.org/publicdomain/mark/1.0/
demo_cities88,cities,88,,"Dental office of Dr. J.H. McCallie on Main Street from intersection of 1st and Main Streets. Moscow, Idaho.","On horse, Old Man Fry and Charley, Jack Fry in front of horse, Reverend Will Craig, Lawyer Kearns in window. L to R: Hired girl, Mrs. McCallie, Dr. McCallie with son, Hugh, Lillian Woodworth, Margaret McCallie Moore",,1881,,"drugstores; clinics (buildings, medical);",Moscow,46.733635,-117.001385,Photo Group 5  | University of Idaho Library Special Collections & Archives | http://www.lib.uidaho.edu/special-collections/index.html,5-001-13m,5x7 black and white print,image/jpg,Image;StillImage,eng,"Material determined to be in Public Domain based on date of publication. Material made available by the University of Idaho Library. For more information, please contact University of Idaho Library Special Collections and Archives Department at libspec@uidaho.edu.",https://creativecommons.org/publicdomain/mark/1.0/
demo_cities89,cities,89,,"Main Street. Moscow, Idaho.","Visible: Wallace's Jewelry, David's. First automobile in town?",,1910,,main street; horse-drawn vehicles;,Moscow,46.732183,-117.001348,Photo Group 5  | University of Idaho Library Special Collections & Archives | http://www.lib.uidaho.edu/special-collections/index.html,5-001-13n,3.5x7 black and white print,image/jpg,Image;StillImage,eng,"Material determined to be in Public Domain based on date of publication. Material made available by the University of Idaho Library. For more information, please contact University of Idaho Library Special Collections and Archives Department at libspec@uidaho.edu.",https://creativecommons.org/publicdomain/mark/1.0/
demo_cities90,cities,90,,"Harrison Old Time Picnic cruise on the Dancewana. Harrison, Idaho.",,,1982-07-01,,panoramas; towns; boats,Harrison,47.455746,-116.788976,Photo Group 5  | University of Idaho Library Special Collections & Archives | http://www.lib.uidaho.edu/special-collections/index.html,5-115-6d,3.5x5 color print,image/jpg,Image;StillImage,eng,"Educational use includes non-commercial use of text and images in materials for teaching and research purposes. Digital reproduction rights granted by University of Idaho Library. For other uses beyond educational use, please contact University of Idaho Library Special Collections and Archives Department at libspec@uidaho.edu.",http://rightsstatements.org/vocab/InC-EDU/1.0/
demo_cities91,cities,91,,"Main Street looking north. Moscow, Idaho.","Visible: McConnell Maguire, Bank, Hagan's Meat Market",,1896,,main street;,Moscow,46.730424,-117.001358,Photo Group 5  | University of Idaho Library Special Collections & Archives | http://www.lib.uidaho.edu/special-collections/index.html,5-001-13o,4.75x5.5 black and white print,image/jpg,Image;StillImage,eng,"Material determined to be in Public Domain based on date of publication. Material made available by the University of Idaho Library. For more information, please contact University of Idaho Library Special Collections and Archives Department at libspec@uidaho.edu.",https://creativecommons.org/publicdomain/mark/1.0/
demo_cities92,cities,92,,"Main Street looking east from intersection of Main and 3rd Streets. Moscow, Idaho.",Visible: First National Bank Building,,1896,,main street;,Moscow,46.732326,-117.001326,Photo Group 5  | University of Idaho Library Special Collections & Archives | http://www.lib.uidaho.edu/special-collections/index.html,5-001-13p,4.75x5.5 black and white print,image/jpg,Image;StillImage,eng,"Material determined to be in Public Domain based on date of publication. Material made available by the University of Idaho Library. For more information, please contact University of Idaho Library Special Collections and Archives Department at libspec@uidaho.edu.",https://creativecommons.org/publicdomain/mark/1.0/
demo_cities93,cities,93,,"First Street looking east from Main Street. Moscow, Idaho.",Visible: spire of St.Marks Episcopal Church,,1896,,main street;,Moscow,46.733643,-117.001289,Photo Group 5  | University of Idaho Library Special Collections & Archives | http://www.lib.uidaho.edu/special-collections/index.html,5-001-13q,4.75x5.5 black and white print,image/jpg,Image;StillImage,eng,"Material determined to be in Public Domain based on date of publication. Material made available by the University of Idaho Library. For more information, please contact University of Idaho Library Special Collections and Archives Department at libspec@uidaho.edu.",https://creativecommons.org/publicdomain/mark/1.0/
demo_cities94,cities,94,,"2nd Street looking east from Main Street. Moscow, Idaho.",,,1896,,main street;,Moscow,46.73301,-117.001278,Photo Group 5  | University of Idaho Library Special Collections & Archives | http://www.lib.uidaho.edu/special-collections/index.html,5-001-13s,4.75x5.5 black and white print,image/jpg,Image;StillImage,eng,"Material determined to be in Public Domain based on date of publication. Material made available by the University of Idaho Library. For more information, please contact University of Idaho Library Special Collections and Archives Department at libspec@uidaho.edu.",https://creativecommons.org/publicdomain/mark/1.0/
demo_cities95,cities,95,,"4th of July parade on Main Street. Looking southwest from the corner of 6th and Main Streets. Moscow, Idaho.",Visible: Potlatch Lumber Co.,,1907-07-01,,parades; horse-drawn vehicles; main street;,Moscow,46.730087,-117.001385,Photo Group 5  | University of Idaho Library Special Collections & Archives | http://www.lib.uidaho.edu/special-collections/index.html,5-001-13t,8x10 black and white print,image/jpg,Image;StillImage,eng,"Material determined to be in Public Domain based on date of publication. Material made available by the University of Idaho Library. For more information, please contact University of Idaho Library Special Collections and Archives Department at libspec@uidaho.edu.",https://creativecommons.org/publicdomain/mark/1.0/
demo_cities96,cities,96,,"Main Street looking south from between 2nd and 3rd Streets. Moscow, Idaho.",,,1896,,main street;,Moscow,46.732705,-117.001358,Photo Group 5  | University of Idaho Library Special Collections & Archives | http://www.lib.uidaho.edu/special-collections/index.html,5-001-13r,4.75x5.5 black and white print,image/jpg,Image;StillImage,eng,"Material determined to be in Public Domain based on date of publication. Material made available by the University of Idaho Library. For more information, please contact University of Idaho Library Special Collections and Archives Department at libspec@uidaho.edu.",https://creativecommons.org/publicdomain/mark/1.0/
demo_cities97,cities,97,,"Ringling Brothers Circus parade on Main Street. Moscow, Idaho.",,,1920,y,parades; horse-drawn vehicles; main street;,Moscow,46.730424,-117.001358,Photo Group 5  | University of Idaho Library Special Collections & Archives | http://www.lib.uidaho.edu/special-collections/index.html,5-001-13u,5.5x6.5 black and white print,image/jpg,Image;StillImage,eng,"Educational use includes non-commercial use of text and images in materials for teaching and research purposes. Digital reproduction rights granted by University of Idaho Library. For other uses beyond educational use, please contact University of Idaho Library Special Collections and Archives Department at libspec@uidaho.edu.",http://rightsstatements.org/vocab/InC-EDU/1.0/
demo_cities98,cities,98,,"4th of July parade on Main Street. Moscow, Idaho.",,,1909,y,parades; main street;,Moscow,46.730424,-117.001358,Photo Group 5  | University of Idaho Library Special Collections & Archives | http://www.lib.uidaho.edu/special-collections/index.html,5-001-13v,8x10 black and white print,image/jpg,Image;StillImage,eng,"Material determined to be in Public Domain based on date of publication. Material made available by the University of Idaho Library. For more information, please contact University of Idaho Library Special Collections and Archives Department at libspec@uidaho.edu.",https://creativecommons.org/publicdomain/mark/1.0/
demo_cities99,cities,99,,"Intersection of Main and Third Streets. Moscow, Idaho",,,1991-01-01,,main street;,Moscow,46.732326,-117.001326,Photo Group 5  | University of Idaho Library Special Collections & Archives | http://www.lib.uidaho.edu/special-collections/index.html,5-001-13w,4x6 black and white print,image/jpg,Image;StillImage,eng,"Educational use includes non-commercial use of text and images in materials for teaching and research purposes. Digital reproduction rights granted by University of Idaho Library. For other uses beyond educational use, please contact University of Idaho Library Special Collections and Archives Department at libspec@uidaho.edu.",http://rightsstatements.org/vocab/InC-EDU/1.0/
demo_cities100,cities,100,,"Panoramic view of Moscow, Idaho",,,1883,,panoramas;,Moscow,46.727593,-116.997013,Photo Group 5  | University of Idaho Library Special Collections & Archives | http://www.lib.uidaho.edu/special-collections/index.html,5-001-14a,5x7 black and white print,image/jpg,Image;StillImage,eng,"Material determined to be in Public Domain based on date of publication. Material made available by the University of Idaho Library. For more information, please contact University of Idaho Library Special Collections and Archives Department at libspec@uidaho.edu.",https://creativecommons.org/publicdomain/mark/1.0/
demo_cities101,cities,101,,"Harrison Old Time Picnic cruise on the Dancewana. Harrison, Idaho.",,,1982-07-01,,panoramas; towns,Harrison,47.455492,-116.789061,Photo Group 5  | University of Idaho Library Special Collections & Archives | http://www.lib.uidaho.edu/special-collections/index.html,5-115-6e,3.5x5 color print,image/jpg,Image;StillImage,eng,"Educational use includes non-commercial use of text and images in materials for teaching and research purposes. Digital reproduction rights granted by University of Idaho Library. For other uses beyond educational use, please contact University of Idaho Library Special Collections and Archives Department at libspec@uidaho.edu.",http://rightsstatements.org/vocab/InC-EDU/1.0/
demo_cities102,cities,102,,"Panoramic view of Moscow, Idaho.",,,1883,,panoramas;,Moscow,46.727593,-116.997013,Photo Group 5  | University of Idaho Library Special Collections & Archives | http://www.lib.uidaho.edu/special-collections/index.html,5-001-14a-1,4.5x10 black and white print,image/jpg,Image;StillImage,eng,"Material determined to be in Public Domain based on date of publication. Material made available by the University of Idaho Library. For more information, please contact University of Idaho Library Special Collections and Archives Department at libspec@uidaho.edu.",https://creativecommons.org/publicdomain/mark/1.0/
demo_cities103,cities,103,,"Panoramic view from Administration Building of Moscow, Idaho.",,,1914,,panoramas; university of Idaho;,Moscow,46.725888,-117.01073,Photo Group 5  | University of Idaho Library Special Collections & Archives | http://www.lib.uidaho.edu/special-collections/index.html,5-001-14aa,3x4.5 black and white print,image/jpg,Image;StillImage,eng,"Material determined to be in Public Domain based on date of publication. Material made available by the University of Idaho Library. For more information, please contact University of Idaho Library Special Collections and Archives Department at libspec@uidaho.edu.",https://creativecommons.org/publicdomain/mark/1.0/
demo_cities104,cities,104,,"Panoramic view of Moscow, Idaho.",Alpha Phi house in center foreground,,1926-06-01,y,panoramas;,Moscow,46.729483,-117.007688,Photo Group 5  | University of Idaho Library Special Collections & Archives | http://www.lib.uidaho.edu/special-collections/index.html,5-001-14ab,5x7 black and white print,image/jpg,Image;StillImage,eng,"Educational use includes non-commercial use of text and images in materials for teaching and research purposes. Digital reproduction rights granted by University of Idaho Library. For other uses beyond educational use, please contact University of Idaho Library Special Collections and Archives Department at libspec@uidaho.edu.",http://rightsstatements.org/vocab/InC-EDU/1.0/
demo_cities105,cities,105,,"Panoramic view of Moscow, Idaho.","Visible: Hello Walk, Phi Gamma Delta house, Campus Christian Center",,1926-06-01,y,panoramas;,Moscow,46.726924,-117.008547,Photo Group 5  | University of Idaho Library Special Collections & Archives | http://www.lib.uidaho.edu/special-collections/index.html,5-001-14ad,5x7 black and white print,image/jpg,Image;StillImage,eng,"Educational use includes non-commercial use of text and images in materials for teaching and research purposes. Digital reproduction rights granted by University of Idaho Library. For other uses beyond educational use, please contact University of Idaho Library Special Collections and Archives Department at libspec@uidaho.edu.",http://rightsstatements.org/vocab/InC-EDU/1.0/
demo_cities106,cities,106,,"Panoramic view of Moscow, Idaho.",,,1926-06-01,y,panoramas;,Moscow,46.726541,-117.00948,Photo Group 5  | University of Idaho Library Special Collections & Archives | http://www.lib.uidaho.edu/special-collections/index.html,5-001-14ae,5x7 black and white print,image/jpg,Image;StillImage,eng,"Educational use includes non-commercial use of text and images in materials for teaching and research purposes. Digital reproduction rights granted by University of Idaho Library. For other uses beyond educational use, please contact University of Idaho Library Special Collections and Archives Department at libspec@uidaho.edu.",http://rightsstatements.org/vocab/InC-EDU/1.0/
demo_cities107,cities,107,,"Panoramic view of Moscow, Idaho.",Alpha Phi house in center foreground,,1926-06-01,y,panoramas;,Moscow,46.729483,-117.007688,Photo Group 5  | University of Idaho Library Special Collections & Archives | http://www.lib.uidaho.edu/special-collections/index.html,5-001-14ac,5x7 black and white print,image/jpg,Image;StillImage,eng,"Educational use includes non-commercial use of text and images in materials for teaching and research purposes. Digital reproduction rights granted by University of Idaho Library. For other uses beyond educational use, please contact University of Idaho Library Special Collections and Archives Department at libspec@uidaho.edu.",http://rightsstatements.org/vocab/InC-EDU/1.0/
demo_cities108,cities,108,,"Panoramic view of Moscow, Idaho. Taken from campus looking northeast.",Hello Walk in foreground,,1926-06-01,y,panoramas; university of Idaho;,Moscow,46.72663,-117.009083,Photo Group 5  | University of Idaho Library Special Collections & Archives | http://www.lib.uidaho.edu/special-collections/index.html,5-001-14af,5x7 black and white print,image/jpg,Image;StillImage,eng,"Educational use includes non-commercial use of text and images in materials for teaching and research purposes. Digital reproduction rights granted by University of Idaho Library. For other uses beyond educational use, please contact University of Idaho Library Special Collections and Archives Department at libspec@uidaho.edu.",http://rightsstatements.org/vocab/InC-EDU/1.0/
demo_cities109,cities,109,,"No 14, Business block. Moscow, Idaho.",,,1918,,main street;,Moscow,46.732601,-117.001337,Photo Group 5  | University of Idaho Library Special Collections & Archives | http://www.lib.uidaho.edu/special-collections/index.html,5-001-14ag1,1.75x2.75 black and white postcard,image/jpg,Image;StillImage,eng,"Material determined to be in Public Domain based on date of publication. Material made available by the University of Idaho Library. For more information, please contact University of Idaho Library Special Collections and Archives Department at libspec@uidaho.edu.",https://creativecommons.org/publicdomain/mark/1.0/
demo_cities110,cities,110,,"Scene of East City Park. Moscow, Idaho.",,,1918,,neighborhood parks;,Moscow,46.732756,-116.990715,Photo Group 5  | University of Idaho Library Special Collections & Archives | http://www.lib.uidaho.edu/special-collections/index.html,5-001-14ag2,1.75x2.75 black and white postcard,image/jpg,Image;StillImage,eng,"Material determined to be in Public Domain based on date of publication. Material made available by the University of Idaho Library. For more information, please contact University of Idaho Library Special Collections and Archives Department at libspec@uidaho.edu.",https://creativecommons.org/publicdomain/mark/1.0/
demo_cities111,cities,111,,"No 57, High School. Moscow, Idaho.",,,1914,,schools;,Moscow,46.73266,-116.996423,Photo Group 5  | University of Idaho Library Special Collections & Archives | http://www.lib.uidaho.edu/special-collections/index.html,5-001-14ag3,1.75x2.75 black and white postcard,image/jpg,Image;StillImage,eng,"Material determined to be in Public Domain based on date of publication. Material made available by the University of Idaho Library. For more information, please contact University of Idaho Library Special Collections and Archives Department at libspec@uidaho.edu.",https://creativecommons.org/publicdomain/mark/1.0/
demo_cities112,cities,112,,"Birdseye view of Nez Perce, Idaho.",,,1905,y,panoramas,Nez Perce,46.230996,-116.246418,Photo Group 5  | University of Idaho Library Special Collections & Archives | http://www.lib.uidaho.edu/special-collections/index.html,5-101-1a,8x10 black and white print,image/jpg,Image;StillImage,eng,"Material determined to be in Public Domain based on date of publication. Material made available by the University of Idaho Library. For more information, please contact University of Idaho Library Special Collections and Archives Department at libspec@uidaho.edu.",https://creativecommons.org/publicdomain/mark/1.0/
demo_cities113,cities,113,,"Harrison Old Time Picnic cruise on the Dancewana. Harrison, Idaho.",Shows railroad bridge and chatcolet Lake,,1982-07-01,,panoramas; lakes (bodies of water);,Harrison,47.455986,-116.790156,Photo Group 5  | University of Idaho Library Special Collections & Archives | http://www.lib.uidaho.edu/special-collections/index.html,5-115-6g,3.5x5 color print,image/jpg,Image;StillImage,eng,"Educational use includes non-commercial use of text and images in materials for teaching and research purposes. Digital reproduction rights granted by University of Idaho Library. For other uses beyond educational use, please contact University of Idaho Library Special Collections and Archives Department at libspec@uidaho.edu.",http://rightsstatements.org/vocab/InC-EDU/1.0/
demo_cities114,cities,114,,"No 21, Birdseye view, business district. Moscow, Idaho.",,,1918,y,aerial views;,Moscow,46.731638,-117.00109,Photo Group 5  | University of Idaho Library Special Collections & Archives | http://www.lib.uidaho.edu/special-collections/index.html,5-001-14ag4,1.75x2.75 black and white postcard,image/jpg,Image;StillImage,eng,"Material determined to be in Public Domain based on date of publication. Material made available by the University of Idaho Library. For more information, please contact University of Idaho Library Special Collections and Archives Department at libspec@uidaho.edu.",https://creativecommons.org/publicdomain/mark/1.0/
demo_cities115,cities,115,,"No 19, Main Street. Moscow, Idaho.",,,1918,y,main street; hotels (public accommodations);,Moscow,46.731863,-117.001353,Photo Group 5  | University of Idaho Library Special Collections & Archives | http://www.lib.uidaho.edu/special-collections/index.html,5-001-14ag5,1.75x2.75 black and white postcard,image/jpg,Image;StillImage,eng,"Material determined to be in Public Domain based on date of publication. Material made available by the University of Idaho Library. For more information, please contact University of Idaho Library Special Collections and Archives Department at libspec@uidaho.edu.",https://creativecommons.org/publicdomain/mark/1.0/
demo_cities116,cities,116,,"No 5, Old post office on Washington Street. Moscow, Idaho.",,,1920,y,post offices;,Moscow,46.731319,-116.999561,Photo Group 5  | University of Idaho Library Special Collections & Archives | http://www.lib.uidaho.edu/special-collections/index.html,5-001-14ag6,175x2.75 black and white postcard,image/jpg,Image;StillImage,eng,"Educational use includes non-commercial use of text and images in materials for teaching and research purposes. Digital reproduction rights granted by University of Idaho Library. For other uses beyond educational use, please contact University of Idaho Library Special Collections and Archives Department at libspec@uidaho.edu.",http://rightsstatements.org/vocab/InC-EDU/1.0/
demo_cities117,cities,117,,"Moscow, Idaho. Looking southeast from Frontier Addition.",,,1983-06-01,,panoramas;,Moscow,46.718927,-116.979847,Photo Group 5  | University of Idaho Library Special Collections & Archives | http://www.lib.uidaho.edu/special-collections/index.html,5-001-14ah,3.5x5 color print,image/jpg,Image;StillImage,eng,"Educational use includes non-commercial use of text and images in materials for teaching and research purposes. Digital reproduction rights granted by University of Idaho Library. For other uses beyond educational use, please contact University of Idaho Library Special Collections and Archives Department at libspec@uidaho.edu.",http://rightsstatements.org/vocab/InC-EDU/1.0/
demo_cities118,cities,118,,"Panoramic view of Moscow, Idaho.",,,1887,,panoramas;,Moscow,46.732945,-116.973646,Photo Group 5  | University of Idaho Library Special Collections & Archives | http://www.lib.uidaho.edu/special-collections/index.html,5-001-14b,5x7 black and white print,image/jpg,Image;StillImage,eng,"Material determined to be in Public Domain based on date of publication. Material made available by the University of Idaho Library. For more information, please contact University of Idaho Library Special Collections and Archives Department at libspec@uidaho.edu.",https://creativecommons.org/publicdomain/mark/1.0/
demo_cities119,cities,119,,"Panoramic view from University Tower of Moscow, Idaho.","Postcard. Caption reads 'No. 76 View from University Tower, Moscow, Idaho",,1924,,panoramas; university of Idaho;,Moscow,46.723605,-117.01345,Photo Group 5  | University of Idaho Library Special Collections & Archives | http://www.lib.uidaho.edu/special-collections/index.html,5-001-14bb,3.5x5.5 black and white print,image/jpg,Image;StillImage,eng,"Educational use includes non-commercial use of text and images in materials for teaching and research purposes. Digital reproduction rights granted by University of Idaho Library. For other uses beyond educational use, please contact University of Idaho Library Special Collections and Archives Department at libspec@uidaho.edu.",http://rightsstatements.org/vocab/InC-EDU/1.0/
demo_cities120,cities,120,,"Panoramic view of Moscow, Idaho.",,,1892,,panoramas;,Moscow,46.732945,-116.973646,Photo Group 5  | University of Idaho Library Special Collections & Archives | http://www.lib.uidaho.edu/special-collections/index.html,5-001-14c,4x5 black and white print,image/jpg,Image;StillImage,eng,"Material determined to be in Public Domain based on date of publication. Material made available by the University of Idaho Library. For more information, please contact University of Idaho Library Special Collections and Archives Department at libspec@uidaho.edu.",https://creativecommons.org/publicdomain/mark/1.0/
demo_boxing0,boxing,0,,"Len Walker, ""University of Idaho"" boxer Pacific Coast and National boxing champion","Len Walker, University of Idaho boxer Pacific Coast and National boxing champion - Len Walker, 145, junior, Wallace, one letter, 5' 8"""", Pacific Coast and national champion at 135.  [Date: 1950]",,1950,yes,boxers; boxing; national championships,,46.727485,-117.014185,"MG5388, Donald Richard Theophilus Jr. Boxing at the University of Idaho, University of Idaho Library Special Collections and Archives, http://www.lib.uidaho.edu/special-collections",MG5388_01,8x10 black and white print,image/jpg,Image;StillImage,eng,"Educational use includes non-commercial use of text and images in materials for teaching and research purposes. Digital reproduction permissions granted by the University of Idaho Library. For other uses beyond free use, please contact University of Idaho Library Special Collections and Archives Department at libspec@uidaho.edu.",http://rightsstatements.org/vocab/InC-EDU/1.0/
demo_boxing1,boxing,1,,"Frank Young, University of Idaho boxing coach","Frank Young, University of Idaho boxing coach - Frank Young, Boxing Coach [Date: 1950]",,1950,yes,boxing coach; equipment,,46.727485,-117.014185,"MG5388, Donald Richard Theophilus Jr. Boxing at the University of Idaho, University of Idaho Library Special Collections and Archives, http://www.lib.uidaho.edu/special-collections",MG5388_10,8x10 black and white print,image/jpg,Image;StillImage,eng,"Educational use includes non-commercial use of text and images in materials for teaching and research purposes. Digital reproduction permissions granted by the University of Idaho Library. For other uses beyond free use, please contact University of Idaho Library Special Collections and Archives Department at libspec@uidaho.edu.",http://rightsstatements.org/vocab/InC-EDU/1.0/
demo_boxing2,boxing,2,,Pacific Coast Intercollegiate Boxing champions 1947,"Pacific Coast Intercollegiate Boxing champions 1947 - Left to Right: Art Neumayer Gonzaga University, 125 lb.; Jack Nelson, WSC, 130 lb.; Ray Engberson UI, 135 lb.; Bob Anderson San Jose State College, 145 lb.; I. F. Toomey, Director of Athletes, Cal Aggies; Herb Carlson UI, 155 lb.; Wayne Fontes San Jose State, 165 lb.; Laune Erickson UI, 175 lb. div.; John Nikcevich UCLA, Heavyweight [Date: 1947]",,1947,yes,boxers; boxing; championships; boxing squad,,,,"MG5388, Donald Richard Theophilus Jr. Boxing at the University of Idaho, University of Idaho Library Special Collections and Archives, http://www.lib.uidaho.edu/special-collections",MG5388_11,8x10 black and white print,image/jpg,Image;StillImage,eng,"Educational use includes non-commercial use of text and images in materials for teaching and research purposes. Digital reproduction permissions granted by the University of Idaho Library. For other uses beyond free use, please contact University of Idaho Library Special Collections and Archives Department at libspec@uidaho.edu.",http://rightsstatements.org/vocab/InC-EDU/1.0/
demo_boxing3,boxing,3,,1952-1953 University of Idaho boxing squad,"University of Idaho boxing squad - 1953; Gem pg. 263 (Harold Solinsky, Don Anderson, Ray Johnson, Fred Bowen, bob McBride, Don Houseley, Jack Webster, Ralph Snook, Herb Jeo, Lynn Nichols, and Tom Howard) [Date: 1953]",,1953,yes,boxers; boxing; boxing squad,,46.727485,-117.014185,"MG5388, Donald Richard Theophilus Jr. Boxing at the University of Idaho, University of Idaho Library Special Collections and Archives, http://www.lib.uidaho.edu/special-collections",MG5388_12,8x10 black and white print,image/jpg,Image;StillImage,eng,"Educational use includes non-commercial use of text and images in materials for teaching and research purposes. Digital reproduction permissions granted by the University of Idaho Library. For other uses beyond free use, please contact University of Idaho Library Special Collections and Archives Department at libspec@uidaho.edu.",http://rightsstatements.org/vocab/InC-EDU/1.0/
demo_boxing4,boxing,4,,1951-1952 University of Idaho boxing squad,"University of Idaho boxing squad - 1952; Gem pg. 163 (Front row: Jack Gray, Mike Young, Milt Walker, Harvey Mutch, Lynn Nichols, Captain Franker Echevarria, back row: Phil Ourads, Johnny Echevarria, Don Houseley, Jim Driever, Larry Moyer, Don Anderson, Fred Bowen.) [Date: 1952]",,1952,yes,boxers; boxing; boxing squad,,46.727485,-117.014185,"MG5388, Donald Richard Theophilus Jr. Boxing at the University of Idaho, University of Idaho Library Special Collections and Archives, http://www.lib.uidaho.edu/special-collections",MG5388_13,8x10 black and white print,image/jpg,Image;StillImage,eng,"Educational use includes non-commercial use of text and images in materials for teaching and research purposes. Digital reproduction permissions granted by the University of Idaho Library. For other uses beyond free use, please contact University of Idaho Library Special Collections and Archives Department at libspec@uidaho.edu.",http://rightsstatements.org/vocab/InC-EDU/1.0/
demo_boxing5,boxing,5,,1947-1948 University of Idaho boxing squad [02],1947-1948 University of Idaho boxing squad -  [Date: 1947],,1947,yes,boxers; boxing; boxing squad,,46.727485,-117.014185,"MG5388, Donald Richard Theophilus Jr. Boxing at the University of Idaho, University of Idaho Library Special Collections and Archives, http://www.lib.uidaho.edu/special-collections",MG5388_15,8x10 black and white print,image/jpg,Image;StillImage,eng,"Educational use includes non-commercial use of text and images in materials for teaching and research purposes. Digital reproduction permissions granted by the University of Idaho Library. For other uses beyond free use, please contact University of Idaho Library Special Collections and Archives Department at libspec@uidaho.edu.",http://rightsstatements.org/vocab/InC-EDU/1.0/
demo_boxing6,boxing,6,,"Dale Hammond, University of Idaho boxer","Dale Hammond, University of Idaho boxer -  [Date: 1948]",,1948,yes,boxers; boxing,,46.727485,-117.014185,"MG5388, Donald Richard Theophilus Jr. Boxing at the University of Idaho, University of Idaho Library Special Collections and Archives, http://www.lib.uidaho.edu/special-collections",MG5388_16,8x10 black and white print,image/jpg,Image;StillImage,eng,"Educational use includes non-commercial use of text and images in materials for teaching and research purposes. Digital reproduction permissions granted by the University of Idaho Library. For other uses beyond free use, please contact University of Idaho Library Special Collections and Archives Department at libspec@uidaho.edu.",http://rightsstatements.org/vocab/InC-EDU/1.0/
demo_boxing7,boxing,7,,John J Walsh's NCAA boxing trophy,John J Walsh's NCAA boxing trophy -  [Date: 1950],,1950,yes,trophies; NCAA championships; boxing; boxers,,46.727485,-117.014185,"MG5388, Donald Richard Theophilus Jr. Boxing at the University of Idaho, University of Idaho Library Special Collections and Archives, http://www.lib.uidaho.edu/special-collections",MG5388_17,8x10 black and white print,image/jpg,Image;StillImage,eng,"Educational use includes non-commercial use of text and images in materials for teaching and research purposes. Digital reproduction permissions granted by the University of Idaho Library. For other uses beyond free use, please contact University of Idaho Library Special Collections and Archives Department at libspec@uidaho.edu.",http://rightsstatements.org/vocab/InC-EDU/1.0/
demo_boxing8,boxing,8,,"Frank Echevarria, University of Idaho boxer","Frank Echevarria, University of Idaho boxer - 1952 NCAA Champion; 119 lbs [Date: 1952]",,1952,yes,demo_boxing; boxers; NCAA championships,,46.727485,-117.014185,"MG5388, Donald Richard Theophilus Jr. Boxing at the University of Idaho, University of Idaho Library Special Collections and Archives, http://www.lib.uidaho.edu/special-collections",MG5388_18,8x10 black and white print,image/jpg,Image;StillImage,eng,"Educational use includes non-commercial use of text and images in materials for teaching and research purposes. Digital reproduction permissions granted by the University of Idaho Library. For other uses beyond free use, please contact University of Idaho Library Special Collections and Archives Department at libspec@uidaho.edu.",http://rightsstatements.org/vocab/InC-EDU/1.0/
demo_boxing9,boxing,9,,1948 University of Idaho boxing squad,1948 University of Idaho boxing squad -  [Date: 1948],,1948,yes,demo_boxing squad; boxers; boxing,,46.727485,-117.014185,"MG5388, Donald Richard Theophilus Jr. Boxing at the University of Idaho, University of Idaho Library Special Collections and Archives, http://www.lib.uidaho.edu/special-collections",MG5388_19,8x10 black and white print,image/jpg,Image;StillImage,eng,"Educational use includes non-commercial use of text and images in materials for teaching and research purposes. Digital reproduction permissions granted by the University of Idaho Library. For other uses beyond free use, please contact University of Idaho Library Special Collections and Archives Department at libspec@uidaho.edu.",http://rightsstatements.org/vocab/InC-EDU/1.0/
demo_boxing10,boxing,10,,1950-1951 University of Idaho boxing squad,University of Idaho 1951 boxing squad -  [Date: 1951],,1951,yes,boxers; boxing; boxing squad,,46.727485,-117.014185,"MG5388, Donald Richard Theophilus Jr. Boxing at the University of Idaho, University of Idaho Library Special Collections and Archives, http://www.lib.uidaho.edu/special-collections",MG5388_14,8x10 black and white print,image/jpg,Image;StillImage,eng,"Educational use includes non-commercial use of text and images in materials for teaching and research purposes. Digital reproduction permissions granted by the University of Idaho Library. For other uses beyond free use, please contact University of Idaho Library Special Collections and Archives Department at libspec@uidaho.edu.",http://rightsstatements.org/vocab/InC-EDU/1.0/
demo_boxing11,boxing,11,,"Ray Engberson, University of Idaho boxer Pacific Coast champ, 1947","Ray Engberson, University of Idaho boxer Pacific Coast champ, 1947 - Ray Engberson, 135, Pacific Coast Champion, 1947 [Date: 1947]",,1947,yes,boxers; boxing; championships,,46.727485,-117.014185,"MG5388, Donald Richard Theophilus Jr. Boxing at the University of Idaho, University of Idaho Library Special Collections and Archives, http://www.lib.uidaho.edu/special-collections",MG5388_05,8x10 black and white print,image/jpg,Image;StillImage,eng,"Educational use includes non-commercial use of text and images in materials for teaching and research purposes. Digital reproduction permissions granted by the University of Idaho Library. For other uses beyond free use, please contact University of Idaho Library Special Collections and Archives Department at libspec@uidaho.edu.",http://rightsstatements.org/vocab/InC-EDU/1.0/
demo_boxing12,boxing,12,,"Bill Williams, University of Idaho boxer","Bill Williams, University of Idaho boxer - signed ""Lots of Luck Perry Bill Williams"" [Date: 1948]",,1948,yes,demo_boxing; boxers,,46.727485,-117.014185,"MG5388, Donald Richard Theophilus Jr. Boxing at the University of Idaho, University of Idaho Library Special Collections and Archives, http://www.lib.uidaho.edu/special-collections",MG5388_21,5x7 black and white print,image/jpg,Image;StillImage,eng,"Educational use includes non-commercial use of text and images in materials for teaching and research purposes. Digital reproduction permissions granted by the University of Idaho Library. For other uses beyond free use, please contact University of Idaho Library Special Collections and Archives Department at libspec@uidaho.edu.",http://rightsstatements.org/vocab/InC-EDU/1.0/
demo_boxing13,boxing,13,,"Frank Echevarria, University of Idaho boxer, with trophies","Frank Echevarria, University of Idaho boxer, with trophies - 1952 NCAA Champion; 119 lbs [Date: 1952]",,1952,yes,trophies; NCAA championships; boxing; boxers,,46.727485,-117.014185,"MG5388, Donald Richard Theophilus Jr. Boxing at the University of Idaho, University of Idaho Library Special Collections and Archives, http://www.lib.uidaho.edu/special-collections",MG5388_20,8x10 black and white print,image/jpg,Image;StillImage,eng,"Educational use includes non-commercial use of text and images in materials for teaching and research purposes. Digital reproduction permissions granted by the University of Idaho Library. For other uses beyond free use, please contact University of Idaho Library Special Collections and Archives Department at libspec@uidaho.edu.",http://rightsstatements.org/vocab/InC-EDU/1.0/
